{"mean":{"confidence_interval":{"confidence_level":0.95,"lower_bound":0.002149290140735127,"upper_bound":0.0431963902356897},"point_estimate":0.022280076313193398,"standard_error":0.011427350508985884},"median":{"confidence_interval":{"confidence_level":0.95,"lower_bound":-0.01733326940419533,"upper_bound":-0.0025441245763704323},"point_estimate":-0.012341201861843176,"standard_error":0.004448452319073019}}