{"mean":{"confidence_interval":{"confidence_level":0.95,"lower_bound":-0.04781585129867794,"upper_bound":-0.04288132072295139},"point_estimate":-0.045440442359287236,"standard_error":0.0012580221887590036},"median":{"confidence_interval":{"confidence_level":0.95,"lower_bound":-0.048703996516942,"upper_bound":-0.045107216212125434},"point_estimate":-0.046700533191882165,"standard_error":0.0009237051643552701}}