{"mean":{"confidence_interval":{"confidence_level":0.95,"lower_bound":0.05182907812217023,"upper_bound":0.056864650186512884},"point_estimate":0.05441468208711764,"standard_error":0.001284967895294035},"median":{"confidence_interval":{"confidence_level":0.95,"lower_bound":0.052164759966985885,"upper_bound":0.05627124298928976},"point_estimate":0.05436090435459473,"standard_error":0.0011225887481984428}}