{"mean":{"confidence_interval":{"confidence_level":0.95,"lower_bound":0.023979813308711236,"upper_bound":0.03326635361062111},"point_estimate":0.02858685096865332,"standard_error":0.0023657505594798403},"median":{"confidence_interval":{"confidence_level":0.95,"lower_bound":0.026578963886553453,"upper_bound":0.03542718011901047},"point_estimate":0.03250370278919412,"standard_error":0.00234897840916135}}