{"mean":{"confidence_interval":{"confidence_level":0.95,"lower_bound":-0.0003837819278704689,"upper_bound":0.003951704935296635},"point_estimate":0.0017272986647842714,"standard_error":0.0011149027083513666},"median":{"confidence_interval":{"confidence_level":0.95,"lower_bound":-0.002022076854541366,"upper_bound":0.0029583172024902904},"point_estimate":0.00030650380054741966,"standard_error":0.001246450476849461}}