{"mean":{"confidence_interval":{"confidence_level":0.95,"lower_bound":-0.17997935691111683,"upper_bound":-0.15794243695256618},"point_estimate":-0.16909129514652566,"standard_error":0.0056305681437108625},"median":{"confidence_interval":{"confidence_level":0.95,"lower_bound":-0.17364557244908518,"upper_bound":-0.14693304911458438},"point_estimate":-0.1566778156189258,"standard_error":0.007766871130408414}}