{"mean":{"confidence_interval":{"confidence_level":0.95,"lower_bound":0.012147359033773276,"upper_bound":0.01809391602822175},"point_estimate":0.015127847247373705,"standard_error":0.0015340674017281575},"median":{"confidence_interval":{"confidence_level":0.95,"lower_bound":0.012599562701565814,"upper_bound":0.019099858298690098},"point_estimate":0.01577642551072489,"standard_error":0.0017183238276022742}}