{"mean":{"confidence_interval":{"confidence_level":0.95,"lower_bound":0.07132524682502348,"upper_bound":0.0776541190597149},"point_estimate":0.07469034981617839,"standard_error":0.0016282567686594952},"median":{"confidence_interval":{"confidence_level":0.95,"lower_bound":0.0721174133928062,"upper_bound":0.07935937264632065},"point_estimate":0.07491796537759554,"standard_error":0.0019095587348190762}}