{"mean":{"confidence_interval":{"confidence_level":0.95,"lower_bound":-0.009789125039253405,"upper_bound":-0.004390749133201618},"point_estimate":-0.007104581904144092,"standard_error":0.0013804929301190134},"median":{"confidence_interval":{"confidence_level":0.95,"lower_bound":-0.013027049398454449,"upper_bound":-0.006719726782469682},"point_estimate":-0.010474535551560415,"standard_error":0.0014970937337199332}}