{"mean":{"confidence_interval":{"confidence_level":0.95,"lower_bound":0.018779965502349755,"upper_bound":0.024135705631736504},"point_estimate":0.021490543513040583,"standard_error":0.0013644691405938164},"median":{"confidence_interval":{"confidence_level":0.95,"lower_bound":0.019010451101545645,"upper_bound":0.025649174446561653},"point_estimate":0.022608997599752767,"standard_error":0.001846201374928279}}