{"mean":{"confidence_interval":{"confidence_level":0.95,"lower_bound":0.08309311235960412,"upper_bound":0.08837469215911717},"point_estimate":0.08583855268421137,"standard_error":0.001360567116861321},"median":{"confidence_interval":{"confidence_level":0.95,"lower_bound":0.08354836558727752,"upper_bound":0.08869920828139843},"point_estimate":0.08586032935995647,"standard_error":0.0012206463797127028}}