{"mean":{"confidence_interval":{"confidence_level":0.95,"lower_bound":2201393.2066847826,"upper_bound":2207922.0084782615},"point_estimate":2204658.217391305,"standard_error":1657.7389651562883},"median":{"confidence_interval":{"confidence_level":0.95,"lower_bound":2199647.086956522,"upper_bound":2208701.3913043477},"point_estimate":2205258.0869565215,"standard_error":2404.2231044702103},"median_abs_dev":{"confidence_interval":{"confidence_level":0.95,"lower_bound":13856.379354000092,"upper_bound":22530.81395651986},"point_estimate":19988.960762516163,"standard_error":2201.605005182401},"slope":null,"std_dev":{"confidence_interval":{"confidence_level":0.95,"lower_bound":14713.524227662736,"upper_bound":18419.67679251509},"point_estimate":16694.055263177215,"standard_error":945.3335334812552}}