{"mean":{"confidence_interval":{"confidence_level":0.95,"lower_bound":-0.2244053926005142,"upper_bound":-0.15707443011891753},"point_estimate":-0.19006144251334378,"standard_error":0.017210607424467693},"median":{"confidence_interval":{"confidence_level":0.95,"lower_bound":-0.15831999907440442,"upper_bound":-0.1010722459877833},"point_estimate":-0.13192190840312124,"standard_error":0.016655427800992672}}