{"mean":{"confidence_interval":{"confidence_level":0.95,"lower_bound":0.025205114976134046,"upper_bound":0.032521856304253347},"point_estimate":0.028902295480892848,"standard_error":0.0018637661723371875},"median":{"confidence_interval":{"confidence_level":0.95,"lower_bound":0.0247346881108379,"upper_bound":0.03186066142008581},"point_estimate":0.028741569356912633,"standard_error":0.0018017681573080247}}