{"mean":{"confidence_interval":{"confidence_level":0.95,"lower_bound":0.019296430965455497,"upper_bound":0.02496843254520934},"point_estimate":0.022176961488513003,"standard_error":0.0014461133398397516},"median":{"confidence_interval":{"confidence_level":0.95,"lower_bound":0.02104033131372196,"upper_bound":0.026593675789824633},"point_estimate":0.023620451887278016,"standard_error":0.001482274781002436}}