{"mean":{"confidence_interval":{"confidence_level":0.95,"lower_bound":-0.016904438634875764,"upper_bound":-0.0018968489364160836},"point_estimate":-0.008178922658643062,"standard_error":0.0039118102395517135},"median":{"confidence_interval":{"confidence_level":0.95,"lower_bound":-0.009097085946294865,"upper_bound":-0.0026887660480038322},"point_estimate":-0.006583205675879111,"standard_error":0.0016501829134162615}}