{"mean":{"confidence_interval":{"confidence_level":0.95,"lower_bound":21056.38186275128,"upper_bound":21181.76832276538},"point_estimate":21119.568023014013,"standard_error":31.86043698052565},"median":{"confidence_interval":{"confidence_level":0.95,"lower_bound":21056.200884222162,"upper_bound":21221.776063829788},"point_estimate":21161.63079820272,"standard_error":46.593422353908856},"median_abs_dev":{"confidence_interval":{"confidence_level":0.95,"lower_bound":213.17948691384103,"upper_bound":351.2554425812423},"point_estimate":266.7844768138732,"standard_error":38.14439324048972},"slope":{"confidence_interval":{"confidence_level":0.95,"lower_bound":21115.781568974955,"upper_bound":21214.643377374236},"point_estimate":21166.618226248156,"standard_error":25.236291297256752},"std_dev":{"confidence_interval":{"confidence_level":0.95,"lower_bound":266.37402564136903,"upper_bound":369.30115321374984},"point_estimate":319.97717385043455,"standard_error":26.3083402598168}}