{"mean":{"confidence_interval":{"confidence_level":0.95,"lower_bound":2563485.442184209,"upper_bound":2570881.6082499996},"point_estimate":2567092.1321052616,"standard_error":1883.2224425189618},"median":{"confidence_interval":{"confidence_level":0.95,"lower_bound":2558970.447368421,"upper_bound":2567918.4210526315},"point_estimate":2565253.1315789474,"standard_error":1828.0739843576503},"median_abs_dev":{"confidence_interval":{"confidence_level":0.95,"lower_bound":12132.622789866373,"upper_bound":19312.34725713799},"point_estimate":15882.820407497291,"standard_error":1787.5930607007324},"slope":null,"std_dev":{"confidence_interval":{"confidence_level":0.95,"lower_bound":15225.672374006059,"upper_bound":22118.012921676524},"point_estimate":18904.261805513564,"standard_error":1757.6594669656902}}