{"mean":{"confidence_interval":{"confidence_level":0.95,"lower_bound":2612733.3120131576,"upper_bound":2621788.4149473687},"point_estimate":2617207.0331578953,"standard_error":2314.6542982696074},"median":{"confidence_interval":{"confidence_level":0.95,"lower_bound":2609099.552631579,"upper_bound":2620816.2894736845},"point_estimate":2613936.736842105,"standard_error":2898.899042147731},"median_abs_dev":{"confidence_interval":{"confidence_level":0.95,"lower_bound":18967.876857990075,"upper_bound":29734.75196157635},"point_estimate":23941.726659159965,"standard_error":2700.6110820871},"slope":null,"std_dev":{"confidence_interval":{"confidence_level":0.95,"lower_bound":20069.56088190459,"upper_bound":26063.278252589724},"point_estimate":23249.830109102117,"standard_error":1530.7339694102602}}