{"mean":{"confidence_interval":{"confidence_level":0.95,"lower_bound":-0.015594049126315068,"upper_bound":-0.009215062242591958},"point_estimate":-0.012394989245764876,"standard_error":0.0016202306817210156},"median":{"confidence_interval":{"confidence_level":0.95,"lower_bound":-0.015305724706098256,"upper_bound":-0.00709342165484439},"point_estimate":-0.011390018493453336,"standard_error":0.002124446795583388}}