{"mean":{"confidence_interval":{"confidence_level":0.95,"lower_bound":-0.04711929466337736,"upper_bound":-0.04222091927694049},"point_estimate":-0.04464685761456688,"standard_error":0.0012436676682060313},"median":{"confidence_interval":{"confidence_level":0.95,"lower_bound":-0.047396463321356025,"upper_bound":-0.04102618947053527},"point_estimate":-0.044572926371111654,"standard_error":0.0016897994467578493}}